vocab_id,en_vocab,zh_vocab
1,ability,"ability U能力,才智;C能力,才智"
2,accident,"accident 事故,意外事件,車禍;意外,偶然"
3,accordingly,"accordingly (ad.)因此,於是,如前所說,相應地"
4,actually,"actually (ad.)事實上,如今,現在"
5,adjustment,"adjustment 調整,調節,校正"
6,advanced,"Advanced (a.)高等的,在前的,年老的,先進的"
7,advise,"advise (vt.)勸告,通知,與…商量,建議(vi.)提意見,商量"
8,agree,"agree (vi.)同意,贊成,承認適合(vt.)同意"
9,airline,airline 航線;航空公司
10,amend,"amend (vt.)修正,改善,改良(vi.)改過自新"
11,annoying,"annoying (a.)惱人的,討厭的"
12,appetizer,"appetizer 開胃食品,開胃物"
13,appointment,"appointment U任命,選派;C職位;C約會,約定,約"
14,approach,"approach (vt.)向…靠近;與…打交道(vi.)靠近,臨近方法,途徑;靠近,臨近,接近"
15,argue,"argue (vi.)爭辯,爭論,辯論(vt.)辯論,爭論;說服;用辯論說明;表明,証明"
16,assets,"assets 資產,財產"
17,attach,"Attach (vt.)使…附屬於…,把…附加在…,系上,縛上,使依附"
18,audience,"audience 聽眾,觀眾,讀者;謁見,接見;傾聽,聽取"
19,avoid,"avoid (vt.)避免,躲避,回避"
20,abroad,"abroad (ad.)到國外,在海外;到處"
21,accommodate,"accommodate (vt.)使適應,調節,和解,容納(vi.)適應"
22,accounting,"accounting 會計學,清算帳目"
23,adapt,"adapt (vt.)使適應,使適合;改編,改寫(vi.)適應"
24,administration,"administration U管理,經營;C行政,行政機關,政府"
25,advantage,"advantage 長處,好處,優點,優勢,利益,有利條件"
26,affect,"affect (vt.)影響,妨害,感動,感染,感動;假裝,冒充;常去…"
27,agreeable,"agreeable (a.)適意的,愉快的;一致的,符合的,適合的"
28,aisle,"aisle 走廊,通道,過道"
29,amount,"amount U總數,總額;C數量(vi.)合計,總共達"
30,annual,"annual 年刊,年報(a.)一年一次的,年年的,一年生的"
31,appliance,"appliance 器具,用具,器械"
32,appreciable,"appreciable (a.)可感知的,可評估的"
33,appropriate,"appropriate (a.)適當的,合適的撥出,挪用,盜用"
34,argument,"argument 爭論,辯論,爭辯,爭執"
35,assign,"assign (v.)賦值DOS命令:將驅動器符重指向第二個驅動器符(vt.)分配,指派"
36,attachment,"Attachment 附件,附屬物"
37,audit,"audit 稽核,查帳(vt.)稽核,旁聽(vi.)查賬"
38,awareness,"awareness 意識,明白,知覺"
39,absolutely,"absolutely (ad.)完全地,絕對地,正是如此"
40,accommodation,"accommodation 設備,膳宿,旅館房間;容納,提供,適應;調解,妥協;貸款"
41,accurate,accurate (a.)准確的;精確的
42,adapter,"adapter 適配器,改編者適配器"
43,admire,"admire (vt.)贊美,欽佩,喜歡,愛慕"
44,advantageous,"advantageous (a.)有利的,有益的,方便的"
45,afford,"afford (vt.)提供;花費,負擔得起"
46,agreement,"agreement 同意,答應;商定,一致;協定,協議"
47,alarm,"alarm 警報,驚慌,警告(vt.)使驚慌,警告"
48,amusing,"amusing (a.)有趣的,引人發笑的"
49,anticipate,"anticipate (vt.)預期,佔先,提前使用"
50,applicant,"applicant 申請者,請求者"
51,appreciate,"appreciate (vt.)欣賞,鑒賞;正確評價,鑒別;感謝,感激"
52,approve,"approve (vt.)批准,通過;贊成,稱許(vi.)贊成,稱許"
53,arrange,"Arrange (vt.)整理,分類,排列;籌備,佈置,安排(vi.)安排;商定"
54,assignment,"assignment 任務,作業;分配,指定"
55,attend,"attend (vt.)出席,參加;照顧,護理;伴隨,陪伴(vi.)專心,注意;照顧,護理;伴隨,侍候"
56,authority,"authority U權,權力;U職權,權限;當局,官方;C權威"
57,awkward,"awkward (a.)笨拙的,不熟練的;使用不便的;尷尬的;難處理的"
58,accept,"accept (vt.)接受,相信,承兌(vi.)同意,承兌"
59,accomplish,"accomplish (vt.)完成,實現"
60,achieve,"achieve (vt.)完成;達到,取得,實現"
61,additional,"additional (a.)附加的,另外的"
62,admit,"admit (vt.)允許進入,承認,接納,容納(vi.)容許有,開向,承認"
63,advertise,"advertise (v.)做廣告,登廣告,發告示;宣傳,宣揚"
64,affordable,affordable (adj.)提供得起的
65,agricultural,agricultural (a.)農業的
66,allow,"allow (vt.)允許,同意給予,承認(vi.)考慮,體諒,容許"
67,analysis,"analysis 分解,分析,解析"
68,anxious,"anxious (a.)憂慮的,焦急的;渴望的,急要的"
69,application,"Application 申請,申請書;應用,用途;勤奮,勤勉 應用程式,(指供使用者完成某種任務的程式。FTP,mail以及Telnet 客戶程式都是網絡應用程式)"
70,appreciation,"appreciation 賞識,鑒識,感激"
71,approximate,"approximate (a.)大約的,近似的(vt.)接近,約等於(vi.)近於"
72,arrangement,"arrangement 安排,准備;整理,排列,佈置"
73,assist,"assist (vt.)援助,幫助(vi.)援助,幫忙U援助,幫助"
74,attendance,"attendance 出席,照料,出席的人數"
75,authorize,"authorize (vt.)授權與,批准,委託代替"
76,access,"access 訪問通路,進入,使用權,發作"
77,accomplishment,"accomplishment 成就,完成"
78,acquire,"acquire (vt.)獲得,取得;學到"
79,adequate,"adequate (a.)足夠的,充分的;適當的,適合的"
80,admittance,"admittance 承認;接納,允許進入,招收"
81,advertisement,"advertisement 廣告,告示,宣傳,宣揚"
82,agency,"agency 媒介,代理,機構,旅行社,通訊社;作用,動力,力量"
83,aid,"aid 幫助,有助之物,助手(vt.)援助,幫助"
84,alternative,"alternative (a.)兩者挑一的,可供選擇的C可供選擇的事物"
85,analyze / analyse,"analyze (vt.)分析,分解"
86,apologize,"apologize (v.)賠禮,道歉,認錯"
87,apply,"Apply (v.)申請,要求;運用,適用;勤奮,專心致志"
88,appreciative,"appreciative (a.)有眼力的,有欣賞的;欣賞的"
89,arbitrate,"arbitrate (vt.)仲裁,公斷(vi.)仲裁"
90,assemble,assemble (vt.)集合;裝配(vi.)集合
91,assistance,"assistance 援助,幫助"
92,attentively,"attentively (ad.)注意地,留意地"
93,availability,"availability U可用性,有效性;可得性"
94,accessible,"accessible (a.)易於得到的,易於進入的,可處理的,可存取的"
95,according,"according (ad.)根據,按照,依,隨…"
96,act,"act 行為,幕,法案,動作(vi.)行動,表演,盡職責,假裝(vt.)扮演,裝作,下判決"
97,adjust,"adjust (vt.)調整,使適應於,校準(vi.)調整,適應於,校準"
98,advance,"advance 前進,進步,進步的例子(vi.)前進,增加,上漲(vt.)促進,提出,提高,預付"
99,advice,"advice (v.)勸告,忠告,指教,建議,意見"
100,agenda,"agenda (pl.)議程,應辦事項"
101,aim,"aim 目標,瞄準(vi.)對准目標,打算(vt.)瞄準"
102,ambitious,"ambitious (a.)有野心的,抱負不凡的,雄心勃勃的"
103,announcement,"announcement 宣佈,宣告;通告,布告;預告"
104,appeal,"appeal (vi.)呼籲,要求;訴,求助;上訴;有吸引力C呼籲,要求;U吸引力"
105,appoint,"appoint (vt.)任命,指派,委派,分派,分配;給…提供設備"
106,apprentice,"apprentice 學徒,徒弟,見習生(v.)當學徒,使做學徒"
107,area,"Area 區域;C範圍,U面積;C地區"
108,assess,"assess (vt.)評價,評估,評判,評定;徵收,課"
109,assume,"assume (vt.)假定,設想,認為;採取;呈現;承擔"
110,attract,attract (vt.)吸引;引起(vi.)有吸引力
111,available,available (a.)可用的;通用的
112,background,"background 背景背景,後臺"
113,barcode,bar-code (adj.)條碼
114,benefit,"benefit U好處,益處(vt.)有益於,對…有益(vi.)受益於"
115,block,"block 大塊,大塊木料;一排房屋;阻塞,障礙物(vt.)阻塞,攔阻"
116,boost,"boost 推進,支援,吹捧(vt.)推進,提高,捧場,促進"
117,brand,"brand 商標,烙印,汙名(v.)打上烙印,銘記;玷污"
118,brush,"brush 刷子,毛筆,爭吵(vt.)刷(vi.)擦過,掠過"
119,backpack,backpack (v.)挑運[貨物]
120,bargain,"bargain 買賣合同,成交條件,交易;廉價貨,便宜貨(vi.)議價,成交"
121,beverage,beverage 飲料
122,board,"board 委員會,理事會,董事會,委員會;司,局,廳;木板,黑板(v.)提供膳宿,搭夥;登上"
123,bored,"bored (a.)無趣的,煩人的,無聊的"
124,briefcase,briefcase 公事包
125,budget,"budget 預算(vi.)編預算(vt.)編入預算,安排(a.)廉價的"
126,baggage claim,"baggage 行李,包袱"
127,basic,"basic 基本,要素,基礎(a.)基本的,鹼性的計算機基本高級語言"
128,bid,"bid (v.)出價,招標;努力,嘗試;命令,吩咐,邀請"
129,boarding pass,"boarding 圍板,地板,木板"
130,borrow,"borrow (vt.)借,借入,借用(vi.)借"
131,briefing,briefing 下達簡令
132,bulletin,"bulletin 公告,公報,新聞簡報"
133,balance,"balance 平衡,差額(vi.)平衡,相等(vt.)稱,權衡,比較,使平衡,結算,抵消"
134,behave,"behave (vi.)舉止,行為,表現(vt.)使表現好"
135,bill,"bill 帳單,鈔票,提案招貼,廣告;法案,議案,訴狀(vt.)開列,填,宣佈"
136,boardroom,"boardroom 會議室,交換場所"
137,bother,"bother (vt.)煩擾,迷惑(vi.)煩惱,操心麻煩,糾紛,討厭的人"
138,broadcast,"broadcast 廣播,廣播節目(a.)廣播的(vt.)(vi.)廣播(ad.)經廣播,四散地 ; (網絡上所有結點都能接收到的一種數據包)"
139,bank,"bank 岸,河邊;銀行(vt.)把存入銀行(vi.)把錢存入銀行"
140,belongings,"belongings 財產,所有物,行李"
141,binder,"binder 縛者,用以綁縛之物,夾器"
142,boast,"boast (v.)吹噓,自誇,自稱擁有,以擁有…而自豪"
143,bottom line,"bottom 底部(a.)底部的(vt.)裝底,查明真相,測量深淺(vi.)到達底部,建立基礎"
144,broaden,"broaden (vi.)變寬,擴大(vt.)放寬,使擴大"
145,bankrupt,"bankrupt (a.)破產的,倒閉的;缺乏的,喪失的"
146,beneficial,"beneficial (a.)有益的,有幫助的"
147,blanket,"blanket 毛毯,毯子(vt.)掩蓋,覆蓋(a.)總共的"
148,book,"Book 工作簿書,書籍,帳簿,名冊(vt.)(vi.)登記,預訂"
149,branch,"branch (vi.)分支,出枝(vt.)分割,用枝葉裝飾分支樹枝,支店,支流,分部,部門"
150,browser,"browser 瀏覽器吃嫩葉的動物,瀏覽書本的人"
151,cabin crew,"cabin 小屋,客艙(vt.)關在小屋"
152,cancel,"cancel 取消,撤消,蓋銷(郵票)(vt.)取消,刪去,抵銷,蓋銷(vi.)相互抵銷"
153,career,"career 經歷,生涯;專業,職業"
154,celebrate,"celebrate (vt.)(vi.)慶祝,祝賀,舉行"
155,chain store,"chain 鏈,連鎖,束縛(vt.)用鐵練鎖住,束縛,囚禁"
156,charge,"charge 指控,費用,沖鋒,電荷,炸藥,主管,被託管人,囑咐(vt.)控訴,加罪於,使充滿"
157,circumstances,circumstances 情況
158,client,"client 客戶,顧客,委託人客戶"
159,commence,"commence (vt.)(vi.)開始,倡導"
160,commute,"commute (vt.)交換,改換支付方法,減輕(vi.)補償,經常來往"
161,compensate,"compensate (vt.)(vi.)償還,補償,付報酬"
162,complain,"complain (v.)抱怨,埋怨,控拆,不滿"
163,complimentary,"complimentary (a.)恭維的,贊美的,問候的"
164,concern,"concern (vt.)涉及,關系到;使關心,掛念C關系;U關心,掛念"
165,confirm,"Confirm (vt.)確認,批准;証實,使更堅固,使更堅定"
166,consider,"consider (vt.)認為;考慮;體諒,照顧(vi.)考慮,思考"
167,constant,"constant 常數,恆量(a.)不變的,一定的,時常的"
168,consumer,"consumer 消費者,用戶"
169,contribute,"contribute (vt.)有助於,捐助,投稿(vi.)出力,捐獻,投稿"
170,convince,"convince (vt.)使確信,使信服"
171,courier,"courier 送快信的,急差,旅行從仆居裏"
172,credit,"credit (v.)信任,信譽,信用,信貸,賒欠榮譽,光榮,稱贊,給予榮譽"
173,crucial,"crucial (a.)決定性的,重要的,嚴厲的"
174,cafeteria,cafeteria 自助餐廳
175,cancellation,"cancellation 取消,作廢,注銷戳"
176,careless,"careless (a.)疏忽的,粗心的,不注意的,馬馬虎虎的"
177,celebration,"celebration 慶祝,慶祝會;典禮"
178,chair,"chair 椅子,席位,講座(vt.)使入座,使就任要職"
179,charity,"charity 慈悲,博愛,慈善團體,施捨"
180,claim,"claim 要求,認領;主張,斷言(vt.)要求,認領,索賠;聲稱,主張"
181,climate,"climate 氣候,民意狀況,社會趨勢,風土"
182,commission,"commission 委任狀,任官令,命令,傭金,犯法,委託,代辦(vt.)委任,委託製作,使服役"
183,commuter,"commuter 使用月季票上下班者,通勤者"
184,compensation,"compensation 補償,賠償金,薪資"
185,complaint,"complaint U抱怨,訴苦;C抱怨,怨言;C申訴,控告;C疾病"
186,comply,"comply (v.)同意,服從,遵守,履行"
187,conclude,"conclude (vi.)結束,終結(vt.)推斷,斷定;締結,議定;結束,終結;決定"
188,confirmation,"confirmation 確認証實,鞏固,批准"
189,considerable,"considerable (a.)相當的,可觀的,重要的"
190,constantly,"constantly (ad.)不變地,不斷地,時常地"
191,contain,"contain (v.)包含,包括,容納;遏制,抑制,克制"
192,contribution,"contribution 貢獻,捐獻;撰稿;促進,助長"
193,convincing,"convincing (a.)使人信服的,有力的,令人心悅誠服的"
194,cover letter,"cover 蓋子,封面,藉口(vt.)覆蓋,掩飾,保護,掩護,包括(vi.)覆蓋"
195,criteria,Criteria 標準
196,cruise,"cruise 巡航,巡弋,漫遊(vi.)(vt.)巡航,巡弋,漫遊"
197,calculate,"Calculate (vt.)計算;計劃,打算(vi.)計算"
198,candidacy,"candidacy 候選人的地位,候選資格"
199,cash,"cash U現金,現款(vt.)兌換現款,付現款"
200,cell phone,"cell 區, 細胞,血球;小室,牢房;電池,光電管;基層組織"
201,chairman,"chairman 主席,會長"
202,cheap,"cheap (a.)便宜的,不值錢的,可鄙的(ad.)便宜地"
203,claimant,claimant 提出要求者
204,closure,closure 關閉(vt.)使終止
205,commit,"commit (vt.)把…交托給,提交;犯,幹;使承擔義務,使作出保証"
206,company,"company C公司;U陪伴;U同伴;U賓客,客人;C群,隊,夥;C連,連隊"
207,competent,"competent (a.)能幹的,勝任的,有權能的,足夠的"
208,complete,"complete (a.)完全的,熟練的,完成的(vt.)完成,完工,使圓滿"
209,comprehensive,"comprehensive (a.)廣泛的,有理解力的,包容力大的"
210,conclusion,"conclusion 總結,結束,決定,結論"
211,confusion,"confusion 混亂,混淆,無秩序"
212,consignment,consignment 委託
213,construction,"construction U建造,建築,建設;C建築物,建造物"
214,container,container 容器;集裝箱
215,control,"control 控制,管理,克制,控制器,調節裝置(vt.)控制,操縱,抑制"
216,corporate,corporate 組織
217,coverage,"coverage 覆蓋的範圍,保險總額,新聞報導"
218,critical,"critical (a.)批評的,評論的;危急的,緊要的;臨界的"
219,currency,"Currency 貨幣,貨幣型通貨,流通,通用"
220,calculation,"calculation 計算,考慮,計算的結果"
221,candidate,"candidate 候選人,候補者"
222,cashier,cashier 出納員
223,certificate,"certificate 証書,証明書(vt.)發給証明書,認可,鑒定"
224,chairperson,chairperson 主席
225,check in,"check 檢查,支票,阻止物,行李票,象棋中將軍(vt.)檢查,阻止,核對,寄存"
226,classification,"classification 分類,分級;分類法"
227,coach,"coach 客車;長途公共汽車,大客車;輔導員,教練(vt.)輔導,指導,教練"
228,committee,"committee 委員會,全體委員"
229,comparable,"comparable (a.)可以相比的,比得上的,可匹敵的"
230,competition,competition C比賽;U競爭
231,complex,"complex 合成物,情結,復雜(a.)復雜的,合成的"
232,compromise,"compromise 妥協,折衷,折衷案,和解(vi.)妥協處理(vt.)危害"
233,concourse,"concourse 集合,合流,群眾"
234,connect,"connect (vi.)連接,連結(vt.)聯系,連續"
235,consist,"consist (vi.)由…組成,由…構成;存在於,在於"
236,consult,"consult (vi.)商討,商量,協商,會診(vt.)向…請教,查閱,考慮"
237,continual,"continual (a.)持續不斷的,繼續的"
238,control panel,"control 控制,管理,克制,控制器,調節裝置(vt.)控制,操縱,抑制"
239,corporation,"corporation 公司,企業社團,團體"
240,coworker,"co-worker 共同工作者,合作者,幫手"
241,criticize,"criticize (vt.)(vi.)批評,吹毛求疵,非難"
242,current,"Current (a.)當前的湧流,趨勢,流流通的,現在的,最近的"
243,calculator,"Calculator 計算器計算者,計算機"
244,capacity,"capacity 容量,能力,才能,資格容量"
245,cause,"cause 原因,目標(vt.)引起,使產生,成為…的原因"
246,certification,certification 出証明
247,characteristic,"characteristic 特性,特徵,特色(a.)特性的,本性的,有特色的"
248,check out,"check 檢查,支票,阻止物,行李票,象棋中將軍(vt.)檢查,阻止,核對,寄存"
249,classify,"classify (vt.)分類,把…歸類"
250,code,"code 代碼碼,密碼,法規,法典(vt.)把…編碼,製成法典"
251,common,"common (a.)公共的,共同的,普通的,一般的平民;公地;眾議院,下院"
252,compare,"compare (vt.)比較,比喻,匹敵(vi.)相比比較"
253,competitive,competitive (a.)競爭的
254,complexity,"complexity 復雜,復雜性,復雜的事物"
255,compulsory,"compulsory (a.)強迫的,強制性的,義務的"
256,condition,"condition 條件,狀況,情況,地位(v.)調節,制約,以…為條件"
257,connection,"connection 聯接,連結,聯系;親戚關系"
258,consistent,"consistent (a.)一致的,始終如一的;堅固的,堅實的"
259,consultant,"consultant 顧問,商議者"
260,continuation,"continuation 繼續,續集,延長"
261,convenient,"convenient (a.)便利的,方便的"
262,cost,"cost 代價,價值,費用(vi.)花費(vt.)使失去,值,需要,使花費"
263,crash,"crash 碰撞,墜落,墜毀;撞擊聲,爆裂聲;失敗,瓦解(vt.)碰撞,墜落,墜毀(vi.)碰撞"
264,crowd,"crowd 群眾,一夥(vt.)擁擠,擠滿,擠進"
265,custom,"custom (v.)定制自定義習慣,風俗,海關"
266,campaign,"campaign 戰役,運動,活動,競選運動(vi.)參加活動,作戰"
267,capital,"capital 資本,資金,資方;首都,首府,中心;大寫字母(a.)主要的,資本的,大寫的"
268,cautious,"cautious (a.)謹慎的,小心的"
269,chain,"chain 鏈,連鎖,束縛(vt.)用鐵練鎖住,束縛,囚禁"
270,characterize,"characterize (vt.)表示…的特性,使具有…特點"
271,chef,chef 廚師
272,clerk,"clerk 職員,辦事員,書記員,秘書;管理員;店員(vi.)當店員"
273,collect,"collect (vt.)(vi.)收集,聚集,集中,搜集(a.)由收到者付款的(ad.)由收到者付款地"
274,commonly,"commonly (ad.)一般,普通,通常"
275,compatible,"compatible (a.)能共處的,可並立的,適合的"
276,competitor,competitor 競爭者
277,compliment,"compliment 稱贊,恭維,致意(vt.)稱贊,褒揚,恭維"
278,concede,"concede (vt.)承認,退讓(vi.)讓步"
279,conduct,"conduct U行為,品行,舉動(vt.)引導,帶領;處理,管理;指揮;傳導(vi.)指揮"
280,consequence,"consequence 結果,後果;推理,推斷;重要性"
281,consistently,consistently (ad.)一致地;堅實地
282,consume,"consume (vt.)消耗,消費,消滅(vi.)消滅,毀滅"
283,continue,"continue (vi.)繼續,延續,延長(vt.)使繼續,使延長"
284,conveniently,conveniently (ad.)便利地;合宜地
285,counter,"counter 櫃檯;計數器(a.)相反的(ad.)與…相反地(vt.)反對,反擊(vi.)反對,反擊"
286,credentials,"credentials 憑証,証書"
287,crowded,"crowded (a.)擁擠的,塞滿的"
288,customer,"customer 顧客,主顧;傢夥"
289,daily,"daily (a.)每日的,日常的(ad.)每日地,日常地日報"
290,decision,"decision C決定,決心;C決議,決策;U決定或照決定行動的能力"
291,defective,"defective (a.)有缺陷的,欠缺的有缺陷的人,不完全變化動詞"
292,delight,"delight 高興,愉快(vt.)使高興,樂於(vi.)喜愛"
293,demonstrate,"demonstrate (v.)示威;論証,示範,顯示,展示,演示,表示"
294,deposit,"deposit (vt.)儲蓄,付;使沈澱,使淤積存款,保証金;沈積物,礦床"
295,detail,"Detail 細節,詳情(vt.)詳述,選派(vi.)畫詳圖詳細數據"
296,develop,"develop (vt.)發展,開發,研製;使成長;發揚,發揮;顯現出(vi.)生長,發育;發展,進展"
297,director,"director 指揮者,指導者;主任,理事,董事,導演"
298,discrepancy,"discrepancy 相差,差異,差別"
299,dismissive,dismissive (a.)表示輕視的
300,distinctive,"distinctive (a.)區別性的,鑒別性的,有特色的"
301,donate,donate (vt.)(vi.)捐贈
302,downward,downward (a.)向下的
303,drive,"drive 驅動器,駕車,快車道,推進力,驅動,動力,擊球(vt.)開車,驅使,推動,駕駛(vi.)開車"
304,damage,"damage (vt.)損害,毀壞(vi.)受損壞,破損U損害,毀壞;賠償費"
305,decorate,"decorate (vt.)裝飾,裝璜;授勛給…(vi.)裝飾,佈置"
306,definite,"definite (a.)明確的,肯定的"
307,delighted,delighted (adj.)欣慰
308,depart,"depart (vi.)離開,出發,放棄,違反,去世"
309,description,"description 描繪,描寫,描述,刻劃;種類"
310,detailed,"detailed (a.)詳細的,明細的"
311,developer,"developer 開發者;顯影劑,顯色劑"
312,disagree,"disagree (vi.)意見不同,不同意;不一致,不符;不適宜,有害"
313,discrimination,"discrimination 差別,岐視,辨別力"
314,display,"display 顯示,陳列,炫耀(vt.)顯示,表現,誇示顯示器(v.)顯示"
315,distinguish,"distinguish (vt.)區別,辯明,識別;辨認出(vi.)區別,辨別,識別"
316,donation,"donation 捐贈,捐獻,捐助;捐贈物"
317,dramatic,"dramatic (a.)戲劇的,劇本的;戲劇性的,引人注目的,激動人心的"
318,drop,"drop (vt.)滴下,落下;使變弱,使下降(vi.)滴下,落下;下降,變弱落下,下降;滴,滴劑"
319,deadline,"deadline 死線,原稿截止時間,截止期限"
320,decrease,"decrease (vi.)減少,減小(vt.)減少,減小減少,減小"
321,definitely,"definitely (ad.)一定地,肯定地;明確地,確切地"
322,deliver,"deliver (vt.)投遞,傳送;發表,表達;移交,交付;釋放,解救;接生"
323,department,"department 部,部門;學部,系;司,局,處,科"
324,designate,"designate (vt.)指定,指明,稱呼(a.)選出而未上任的"
325,detect,"detect (vt.)察覺,發覺;偵查,探測;對…檢波"
326,development,"development 生長,成長,進化;發展,開發,研製"
327,disagreement,"disagreement 意見不同,不調和;爭執,不和"
328,discuss,"discuss (vt.)討論,商議"
329,disposable,disposable (a.)可任意使用的
330,distribute,"distribute (vt.)分配,分發,分佈,散佈,分類"
331,double,"double 雙精度型兩倍(a.)兩倍的,雙重的(vt.)使加倍(vi.)加倍,快步走,加倍努力"
332,drastic,drastic (a.)激烈的
333,dull,"dull (a.)鈍的,無趣的,呆滯的,陰暗的(vt.)使遲鈍,使陰暗,緩和(vi.)變遲鈍,減少"
334,deal,"deal (vt.)給予,分給(vi.)做買賣,經營;對付,處理;論述,涉及交易,買賣;待遇"
335,dedicate,"dedicate (vt.)奉獻,獻身於,致力於,題獻給"
336,degree,"Degree 度,度數,程度;學位;階層"
337,delivery,"delivery 遞送,投遞,交付;發表;提供,釋放;助產,分娩"
338,departure,"departure 離開,出發,違背,偏離,發射"
339,desperate,"desperate (a.)不顧死活的,危急的,令人絕望的,極渴望的"
340,deterioration,"deterioration 惡化,降低,退化"
341,device,"device 設備DOS命令:安裝設備驅動程式裝置,設計,策略,發明物"
342,disappointing,"disappointing (a.)使失望的,期待落空的,無聊的"
343,discussion,"discussion 討論,商議"
344,dispose,"dispose (vt.)佈置,安排;使傾向于,使有意於;處理,處置(vi.)處理,處置"
345,distribution,"distribution 分發;銷售;頻率分佈;分配裝置;分佈;區分,分類;配電"
346,download,"download 下行裝載,向下裝載 ; (也有人縮寫為 D/L ,指的是由本地機從網絡上接收文件或數據)"
347,drastically,"drastically (ad.)激烈地,徹底地"
348,duration,"duration U持續,持久;持續時間,期間"
349,debit,"debit 借方,借(vt.)記入借方"
350,deduct,"deduct (vt.)扣除,演繹"
351,delay,"delay (vt.)延遲(vi.)耽擱,延誤耽擱,延遲,耽擱"
352,demand,"demand (vt.)要求,請求;要求知道,查問;需要C要求,請求;U需要,需求"
353,depend on,"depend (vi.)依靠,依賴;依…而定,取決於;相信,信賴"
354,dessert,dessert 餐後甜點
355,determine,"determine (vt.)決定,決心;確定,限定,測定;使決定(vi.)決定,決心"
356,diagnose,diagnose (vt.)(vi.)診斷
357,disconnect,"disconnect (v.)斷開(vt.)分離,不相連,拆開"
358,dish,"dish 盤,碟;盤裝菜(vt.)裝到盤子裏,使成盤形"
359,dispute,"dispute 爭論,爭執(vt.)爭論,爭執(vi.)爭論,爭執"
360,dividend,"dividend 被除數,股利"
361,downsize,"downsize v 1: dismiss from work; ""three secretaries were downsized during the financial crisis"" 2: make in a smaller size; ""the car makers downsized the SUVs when fuel became very expensive"" 3: reduce in size or number; ""the company downsized its research staff"""
362,draw,"draw (vi.)拉,拖,拔劍(vt.)拖拉,挨近,領取,打成平局,引來,抽簽決定,畫,描寫,制訂"
363,duty-free,duty-free (a.)(ad.)免稅的
364,debt,"debt 債,債務,欠款"
365,defect,"defect 缺點,欠缺(vi.)逃跑,背叛,開小差"
366,delete,delete (vt.)刪除(v.)刪除
367,demanding,"demanding (a.)要求多的,吃力的"
368,dependence,"dependence 依靠,依賴;信任,信賴"
369,destination,"Destination 目的地目的文件,目的單元"
370,determined,"determined (a.)決定的,已決定了的"
371,differential,"differential (a.)差別的,特定的,微分的兩路線運費差額,工資差額"
372,discount,"discount (v.)折扣,打折扣,貼現,不重視,低估"
373,dismiss,"Dismiss (vt.)解散;消除,不考慮,免…的職,解雇,開除;遣散"
374,disruption,"disruption 分裂,崩潰,瓦解"
375,document,"document 文檔,公文,文件,文獻;証件,証券;紀錄影片,記實小說(vt.)用文件証明"
376,downturn,"down-turn 下降,沈滯"
377,drawer,"drawer 抽屜,櫥櫃;襯褲;繪圖員,開票員"
378,earn,"EARN (vt.)賺,掙得;獲得(vi.)掙錢"
379,effectively,"effectively (ad.)有效地,有力地,實際上"
380,electrical,"electrical (a.)電的,有關電的"
381,employ,"employ (vt.)雇用;用,使用使用,雇用,職業"
382,encourage,"encourage (vt.)鼓勵,支援,激勵"
383,enroll,"enroll (vt.)登記,使加入(vi.)參軍,注冊"
384,entrée,entr矇e 的英文翻譯 | English-Chinese Dictionary
385,evaluate,"evaluate (vt.)評估,評價,賦值"
386,examine,"examine (vt.)檢查,細查;對…進行考試(vi.)檢查,細查,調查"
387,expand,"expand (vt.)展開;擴大,擴充,發展膨脹,擴張;張開,展開,使膨脹,使擴張;張開"
388,expensive,"expensive (a.)貴的,奢華的,費用浩大的"
389,express,"express (vt.)表達,表示,表現;壓榨,榨出直達快車,快郵,快件(a.)特快的,特殊的"
390,earnings,"earnings 所得,收入"
391,effectiveness,"effectiveness 有效,有力"
392,elevator,"elevator 電梯,升降機"
393,employee,"employee 職員,員工,受雇人員"
394,endurance,"endurance 忍耐,忍耐力,耐性"
395,ensure,"ensure (vt.)保証,擔保;保護,使安全"
396,environment,"environment 環境,外界,圍繞"
397,event,"event 事件,事情,重大事件;比賽項目 ; (BBS運作時,常需要完成某些事先設定好的工作, 此設定即稱為事件)"
398,excel,"EXCEL (vt.)勝過,優於,擅長(vi.)勝過其他"
399,expansion,"expansion 張開,伸展;擴張,膨脹;擴張的,擴張部分"
400,experience,"experience 經驗,經歷;感受,體驗(vt.)經驗,經歷;感受,體驗"
401,extend,"Extend (vt.)延長,延伸;擴大,擴充;給予,表示(vi.)伸展,擴大,延續"
402,economical,"economical (a.)節儉的,經濟的,合算的"
403,efficiency,"efficiency 效率,效能,有效"
404,embark,"embark (vi.)乘船,著手,從事,上飛機(vt.)使上船,使上飛機,使從事"
405,employer,"employer 雇傭者,雇主"
406,endure,"endure (vt.)忍受,忍耐;容忍(vi.)持久,持續;忍受,忍耐"
407,enterprise,"enterprise 企業,事業心,進取心,幹事業"
408,environmental,"environmental (a.)環境的,環境產生的"
409,evidence,"evidence U根據,証據;形跡,跡象"
410,excellent,"excellent (a.)優秀的,卓越的,極好的"
411,expect,"expect (vt.)預期,期待,盼望;期望,指望;料想,認為"
412,experienced,"experienced (a.)有經驗的經驗豐富的,老練的"
413,extension,"extension U伸長,擴大,伸展;延長,延期;C延長部分,擴大部分;C電話分機"
414,economize,"economize (vt.)(vi.)節約,節省,有效地利用"
415,efficient,"efficient (a.)有效的,效率高的;有能力的,能勝任的"
416,emergency,"emergency 緊急情況,突然事件,非常時刻"
417,employment,"employment U雇用;使用,利用;工作,職業"
418,engineer,"engineer 工程師,工兵(vt.)設計,監督,機巧地處理,策劃"
419,enthusiastic,"enthusiastic (a.)熱情的,熱心的,熱烈的"
420,equivalent,"equivalent 同等物,等價物,相等物(a.)相等的,相當的,同意義的"
421,evolve,"evolve (vi.)進展,進化,展開(vt.)使發展,推論,使進化"
422,excursion,"excursion 遠足,遊覽,短程旅行"
423,expectation,"expectation 期待,期望,指望,預料"
424,experiment,"experiment 實驗,試驗(vi.)進行實驗,做試驗"
425,external,"external 外部,外面(a.)外部的,客觀的,表面的"
426,economy,economy 經濟;節儉;秩序;機體
427,efficiently,efficiently 高效地
428,emphasize,"emphasize (vt.)強調,加強語氣,著重"
429,enable,"enable (vt.)使能夠,使成為可能"
430,engineering,"engineering 工程,工程學,管理,操縱"
431,enthusiastically,"enthusiastically (ad.)熱心地,狂熱地"
432,essential,"essential (a.)必要的,必不可少的;本質的,基本的要素,要點"
433,exact,"exact (a.)確切的,正確的;准確的,精確的(vt.)強要,強求;急需,需要"
434,executive,"executive (a.)執行的,行政的行政人員,行政部門;總經理,董事"
435,expenditure,"expenditure 開支,費用,消費額"
436,exploration,"exploration 探險,踏勘,探測"
437,effective,"effective (a.)有效的,有力的,實際的有生力量"
438,elderly,"elderly (a.)過了中年的,稍老的"
439,emphasize,"emphasize (vt.)強調,加強語氣,著重"
440,enclose,"enclose (vt.)圈住,圈起;把…封入,附上"
441,enhance,"enhance (vt.)提高,加強,增加"
442,entitlement,entitlement 權利
443,estimate,"estimate (vt.)估計,估價;評價,判斷(vi.)估計,估價估價,估價"
444,examination,"examination 考試,考查,檢查,審查"
445,exhibit,"exhibit (vt.)展出,陳列;表示,顯出(vi.)開展覽會,展出產品展覽品,陳列品;顯示,呈現"
446,expense,"expense U花費,消費,消耗;C開支,經費;C費錢之物"
447,explore,"explore (vt.)勘探,探測;探究,探索"
448,facilities,facilities 設備
449,fair,"fair (a.)公平的,公正的,正大光明的;金色的,白晰的;晴朗的,清楚的廟會,交易會"
450,fax,FAX 傳真(vt.)傳真
451,file,"file 文件,卷宗,銼刀(vi.)列隊行進,用銼刀做(vt.)歸檔,申請,檔案,公文箱,文件夾"
452,flexible,"flexible (a.)易曲的,靈活的,柔軟的,能變形的,可通融的"
453,focused,"Focus \Fo""cus\, v. t. [imp. & p. p. {Focused}; p. pr. & vb. n. {Focusing}.] To bring to a focus; to focalize; as, to focus a camera. --R. Hunt. [1913 Webster]"
454,forget,"forget (vt.)忘記,忽略,忘(vi.)忘記"
455,frankly,"frankly (ad.)坦白地,直率地"
456,furniture,"furniture U家具;裝置,設備(a.)更多的,進一步的"
457,facility,"facility 容易,便利,設施,設備;熟練,靈巧"
458,famed,"famed (a.)有名的,著名的"
459,feature,"feature 特徵,特色;面部特徵,相貌;特寫,特載(v.)以…為特色;扮演重要角色"
460,fill out,"fill (vt.)填充,彌漫,供給,滿足,供應(vi.)充滿滿足,裝滿,充分,填方(v.)填充,裝滿"
461,flight,"flight 飛行,逃走,飛躍,飛機的航程,班機,射程,遷徙,飛逝(vi.)遷徙(vt.)射擊(飛禽)"
462,fold,"fold 折層,折,羊欄,折痕,信徒(vt.)折疊,包,合攏,交?(vi.)折疊起來,徹底失敗"
463,forgetful,"forgetful (a.)健忘的,疏忽的"
464,fuel,"fuel 燃料,木炭(vt.)加燃料,供以燃料(vi.)得到燃料"
465,further,"further (a.)更遠的,此外的,更多的(vt.)促進,增進,助長(ad.)更進一步地,更遠地,此外"
466,factor,"factor 因素,要素;因數,因數,系數"
467,fare,"fare C車費,船費;C乘客,旅客;U伙食(vi.)過活,遭遇;吃,進食"
468,fee,"fee 費用,小費,所有權(vt.)付費給"
469,finance,"finance U財政,金融;財源,資金(vt.)供資金給,為…籌措資金"
470,flight attendant,"flight 飛行,逃走,飛躍,飛機的航程,班機,射程,遷徙,飛逝(vi.)遷徙(vt.)射擊(飛禽)"
471,folder,"folder 文件夾折疊人,折紙機,折疊式書本,卷宗"
472,form,"form 表單形狀,表格,形式(vt.)(vi.)形成,排列,(使)組成"
473,fulfill,"fulfil(l) (vt.)履行,實現;完成"
474,factory,"factory 工廠,代理店"
475,fault,"fault 過錯,故障,毛病(vt.)挑剔(vi.)弄錯"
476,feedback,"feedback 反饋,回授;回復,反應"
477,financial,"financial (a.)財政的,經濟的,財務的,金融的"
478,fluctuate,"fluctuate (vi.)變動,上下,動搖(vt.)使動搖"
479,force,"force 力量,武力,勢力,影響力,軍隊,力,效力(vt.)強迫,強奪,推動,加壓力,提高"
480,forward,"forward (a.)向前的,早的,迅速的,在前的,進步的(vt.)轉寄,促進,運送(ad.)向前地; 轉信,(可將某封信件轉送給某位用戶或某一站)"
481,function,"function 功能,函數(vi.)活動,運行,行使職責功能,函數"
482,fail,"fail (vi.)失敗;衰退,減弱,衰弱;不,未能;缺乏,不足;停止作用(vt.)評為不及格"
483,faulty,"faulty (a.)有錯誤的,有缺點的,不完善的"
484,field,"Field 域(vt.)使上場(vi.)擔任場外隊員(a.)田間的,野生的,領域,田地,場地,戰場,場"
485,firm,"firm 公司,商號(a.)堅定的,堅強的,牢固的,結實的,堅硬的,堅挺的,嚴格的"
486,fluctuation,"fluctuation 變動,上下,動搖"
487,forecast,"Forecast 趨勢預測預想,預測,預報(vt.)預想,預測,預報"
488,founded,"Found \Found\, v. t. [imp. & p. p. {Founded}; p. pr. & vb. n. {Founding}.] [F. fondre, L. fundere to found, pour.] To form by melting a metal, and pouring it into a mold; to cast. ""Whereof to found their engines."" --Milton. [1913 Webster]"
489,functional,"functional (a.)功能的,有作用的;函數的,泛函的"
490,failure,"failure U失敗,不及格;C失敗者,失敗的事;失靈,故障;未能"
491,favor,"favor 好意,喜愛(vt.)支援,喜歡,証實"
492,figure,"figure 體形,外形;數字;圖形,插圖;人物(vt.)計算;估計,揣測(vi.)計算,估計"
493,fix,"fix (vt.)使固定,修理,准備,安裝,凝視,牢記,確定,整理(vi.)固定,注視,確定困境"
494,focus,"focus 焦點,焦距(vi.)聚焦,注視(vt.)使聚焦,調焦,集中焦點"
495,foreign,"foreign 外國的;無關的,不相干的;外來的,異質的"
496,frank,"frank (a.)坦白的,率直的,老實的(vt.)免費郵寄法蘭克,免費郵寄特權"
497,fundraising,fund-raising 籌募基金活動
498,gesture,"gesture 手勢,姿態(vi.)作手勢,作姿態"
499,growth,"Growth U增長,增大;生長,發育"
500,goal,"goal 目標,終點,得分,球門,守門員(vi.)得分"
501,guarantee,"guarantee 擔保,抵押品,保証書(vt.)保証,擔保"
502,goods,"goods 商品,貨物"
503,guidelines,guidelines 指導方針
504,gradually,gradually (ad.)逐漸地
505,grievance,"grievance 委屈,冤情,苦況"
506,grill,"grill 烤架,鐵格子,烤肉(vt.)(vi.)燒,烤,嚴加盤問"
507,haggle,"haggle (vi.)爭論,殺價(vt.)亂砍,亂劈殺價,討論,爭論"
508,head office,"head 頭,頭腦,領袖,腦袋,最前的部分(vt.)為首,朝向,前進,用頭頂(vi.)成頭狀物"
509,highly,"highly 高度地,極,很"
510,handle,"handle 柄,把手,把柄,手感(vt.)觸摸,運用,買賣,處理,操作(vi.)搬運"
511,headquarters,"headquarters 司令部,指揮部;總部,總店"
512,hike,"hike 徒步旅行,遠足,漲價,提高(vi.)健行,徒步旅行,揚起(vt.)使高漲,拉起"
513,handy,"handy (a.)手邊的,近便的;便於使用的"
514,hesitate,"hesitate (vi.)猶豫,遲疑,躊躇,支吾"
515,hire,"hire 租金,租用,雇用(vt.)雇請,出租(vi.)受雇"
516,harbor,"harbor 港,避難所(vt.)庇護,隱藏,藏匿(vi.)入港停泊,躲藏"
517,hesitation,"hesitation 暫停,猶豫,躊躇,含糊,口吃"
518,hold,"Hold (v.)抓住,拿著,握住,保持,容納,控制,抑制,舉行,掌握,佔有,認為…"
519,harmful,"harmful (a.)有害的,傷害的"
520,hide,"hide (v.)隱藏獸皮,跡象,躲藏處(vt.)藏,隱瞞,遮避,剝…的皮(vi.)躲藏"
521,homepage,"homepage 主頁,(WWW服務器提供的第一個顯示介面,使用者啟動瀏覽器後即展示出此畫面)"
522,hazardous,"hazardous (a.)碰運氣的;危險的,冒險的"
523,highlight,"highlight 突出加亮區,精彩場面(vt.)加亮,使顯著,以強光照射"
524,host,"host 主人,東道主,節目主持人(v.)主持,主辦,款待 ; 主機,(用戶可由它連結至網絡上的其他計算機)"
525,identification,"identification 視為同一,証明同一,確認"
526,impatient,"impatient (a.)不耐煩的,急躁的,忍受不了的;急欲的,急切的"
527,improvement,improvement U改進;C經改進的東西
528,inconvenience,"inconvenience 不便,困難(vt.)使感不便,使感困難"
529,inexperienced,"inexperienced (a.)無經驗的,不熟練的"
530,information,"information 資訊,起訴資訊,消息,知識,報告,通知,情報"
531,insure,insure (vt.)給…保險;保証使…得到(vi.)投保
532,international,"International (a.)國際的,世界的國際性組織"
533,invention,"invention 發明,創作能力,虛構的故事"
534,invite,"invite (vt.)邀請,引起,招致邀請"
535,itinerary,"itinerary 旅程,旅行指南,遊記(a.)巡迴的,遊歷的,旅程的"
536,identify,"identify (vt.)識別,認明,鑒定,使等同於(vi.)一致,變成一致"
537,implement,"implement 工具,器具(vt.)實現,使生效,執行"
538,incentive,incentive 動機(a.)激勵的
539,increase,"increase 增加,增進,利益(vt.)增加,加大(vi.)增加,繁殖"
540,infer,"infer (vt.)推論,推斷;意味著(vi.)作出推論"
541,input,"Input 輸入,輸入電路(vt.)輸入(v.)輸入"
542,intend,"intend (vt.)想要,打算;打算使…為;意指,意思是"
543,internship,internship 實習醫師的地位
544,inventory,"inventory 詳細目錄,存貨清單(vt.)列入詳細目錄,清點存貨"
545,invoice,"invoice 發票,發貨單,貨物(vt.)(vi.)開發票,記清單"
546,imaginative,"imaginative (a.)想象的,虛構的"
547,imply,"imply (vt.)含有…的意思;暗指,暗示,意指"
548,inclined,inclined (adj.)傾斜的
549,indicate,"indicate (vt.)顯示,象徵,指示,指出"
550,inflate,"inflate (vt.)使膨脹,使得意,使通貨膨脹,使充氣(vi.)充氣,膨脹"
551,inquiry,"inquiry U詢問,探問;C質詢,調查"
552,intention,"intention 打算,目的,意圖"
553,interrupt,"interrupt (vt.)中斷,妨礙,插嘴(vi.)打斷中斷"
554,invest,invest (vt.)給…著衣;投(vi.)投資;買進
555,isolate,"isolate (vt.)使隔離,使孤立,使絕緣隔離種群"
556,immediate,"immediate (a.)直接的,最接近的;緊靠著的;立即的;直覺的"
557,impression,"impression 印象,意念,蓋印,印記,印數,底色,效果"
558,include,"include (vt.)包住,關住;包括,包含"
559,indication,"indication 指示,象徵,象徵物"
560,inflation,"inflation 充氣,膨脹;通貨膨脹"
561,install,"install (vt.)安裝,安置,使就職DOS命令:裝入結束且駐留軟體"
562,intently,"intently (ad.)一心一意地,心無旁物地,專心地"
563,interview,interview C接見;訪問;對申請工作者的口頭審查(vt.)接見
564,investigate,"investigate (vt.)調查,調查研究(vi.)調查,調查研究"
565,issue,"issue C流出,放出;U發行;C問題(vt.)使流出,放出;發行,發布;發給,配給(vi.)出"
566,immediately,"immediately (ad.)立刻,剛,立即"
567,improper,"improper (a.)不合適的,錯誤的,不道德的"
568,inclusion,"inclusion 包含,內含物"
569,individual,"individual (a.)個人的,個體的,單獨的;獨特的個人,個體;人"
570,influence,"influence 影響,感化;勢力,權勢;有影響的人(vt.)影響,感化"
571,installation,"installation 就任,就職;安裝,安置;裝置,設備;設施"
572,intern,"intern 實習醫師,被拘留者(vi.)作實習醫師(vt.)拘留,扣留"
573,invaluable,"invaluable (a.)無價的,價值無法衡量的"
574,investigation,"investigation 調查,審查,研究"
575,item,"item 項,條款,項目;一條,一則(ad.)又,同上,條"
576,impact,"impact 沖擊,碰擊;效果,影響,作用(vt.)裝緊,壓緊;塞滿;沖擊,碰撞"
577,improve,"improve (vt.)使更好,改善,增進;利用(vi.)變得更好;增加"
578,income,"income 收入,收益,所得"
579,individually,"individually (ad.)以個人身分,各個地,個別地"
580,influential,"influential (a.)有影響的,施以影響的;有權勢的"
581,insurance,"insurance U安全保障;保險,保險業"
582,internal,"internal (a.)內的,內部的;內在的,固有的;內心的;國內的;體內的內臟,內部器官;本質"
583,invent,"invent (vt.)發明,創造;捏造,虛構"
584,investment,investment U投資;C投入的資本
585,itemize,itemize (vt.)逐條列記;詳細列明
586,jealous,"jealous (a.)妒忌的;猜疑的,留意提防的;注意的,戒備的,唯恐失掉的"
587,journal,journal 日誌;議事錄;日報;日記帳
588,jeopardize,"jeopardize (vt.)危害,使受危困,使陷危地"
589,journey,"journey 旅行,旅程,路程;歷程(vi.)旅行(vt.)遊歷"
590,jeopardy,"jeopardy 危險,危難,危害"
591,judge,"judge 法官,審判官,推事(vt.)審理,鑒定,判斷,判決,裁定(vi.)下判斷,作評價"
592,jobless,jobless (a.)失業的
593,justice,"justice 正義,公平,公正,正確,司法,審判"
594,join,"join (vt.)連接;參加;鄰接,毗連(vi.)聯合;參加,加入;鄰接,毗連連接;接連處"
595,justification,"justification 辯護,証明正當,釋罪"
596,joint,"joint 接合;關節(a.)連接的,接合的;聯合的,共同的;合辦的(vt.)連接,結合;切斷"
597,justify,"Justify (vt.)証明…是正當的;為…提供法律根據(vi.)提出有充分法律根據,証明合法"
598,keen,"keen (a.)敏銳的,銳利的,鋒利的;厲害的,激烈的,強烈的;渴望的,熱心的,喜歡的"
599,keep,"keep 生計,維持,保持(vt.)保持,保存,遵守,看守,整理,維持,履行,瞻養,經營,拘留"
600,knock,"knock (vi.)敲,敲打;相撞,碰撞;發出爆聲;找岔子,說壞話;奔忙,忙亂(vt.)敲,擊,打"
601,know,"know (vt.)知道,瞭解,懂得;認識,熟悉;識別,認出,分辨;體驗,經歷(vi.)知道"
602,knowledge,"knowledge U知識,學識,學問;知道,瞭解消息"
603,knowledgeable,"knowledgeable (a.)聰明的,有知識的"
604,label,"label 卷標,標簽,標記;稱號,綽號(v.)貼標簽於,把…稱為"
605,law,"law C法律,法令;U法律;C法則,規律,定律;法學,法律知識;司法界,律師行業;訴訟"
606,lend,"lend (vt.)借,貸款給,增添,提供,出租(vi.)貸款"
607,limousine,limousine 轎車
608,locate,"locate (vt.)查找…的地點;使…坐落於,位於(vi.)居住下來,定居"
609,luxury,"luxury U奢侈,豪華,華貴;豪華的;C奢侈品"
610,labor,"labor 勞動,努力,工作,勞工,分娩(vi.)勞動,努力,苦幹(vt.)詳細分析,麻煩"
611,lay off,"lay (vt.)放,擱;下;鋪設,敷設,砌;把…壓平,使倒下;使處於某種狀態;鋪,塗;佈置"
612,liability,"liability 責任,債務,傾向"
613,list,"list 目錄,名單,明細表,布條,條紋(vt.)列出,列於表上,記入名單內,裝布條"
614,log on,"Log 日誌,記程儀(vt.)伐木,切,航行(vi.)伐木日誌,記錄,圓木"
615,lack,"lack 缺乏,不足(vi.)缺乏,短少,沒有缺乏,短少,沒有;需要"
616,leak,"leak (vi.)漏,滲;泄漏(vt.)使滲漏,使泄漏漏洞,漏隙;泄漏,漏出"
617,license,"license 執照,許可証,特許(vt.)許可,特許"
618,livestock,livestock 家畜類
619,log out,"Log 日誌,記程儀(vt.)伐木,切,航行(vi.)伐木日誌,記錄,圓木"
620,landlord,"landlord 地主,房東"
621,lean,"lean (vi.)傾斜,屈身;倚,靠,依賴(vt.)使傾斜;把…靠在某種東西上傾斜,傾向"
622,licensing,"License \Li""cense\ (l[imac]""sens), v. t. [imp. & p. p. {Licensed} (l[imac]""senst); p. pr. & vb. n. {Licensing}.] To permit or authorize by license; to give license to; as, to license a man to preach. --Milton. --Shak. Syn: licence, certify. [1913 Webster]"
623,loan,"loan 貸款,借出,債權人(vt.)(vi.)借,供應貨款,借給"
624,loyal,"loyal (a.)忠誠的,忠實的,忠貞的"
625,laptop,laptop 膝上
626,lease,"lease 租約,租期,租(vt.)出租,租出,租得"
627,lie,"lie (vi.)說謊;造成錯覺,欺騙(vt.)用謊騙使得…,謊騙;用謊言毀損謊話,謊言"
628,lobby,"lobby 大廳,休息室,遊說議員者(vi.)遊說議員,經常出入休息室(vt.)遊說"
629,luggage,"luggage 行李,行裝"
630,launch,"launch 下水,汽艇,發射(vt.)使下水,發射,發動,發出(vi.)起飛,下水,投入,開始"
631,leisure,"leisure U空閑,閑暇;悠閑,安逸(a.)空閑的,有閑的"
632,limited,"limited (a.)有限制的,有限的,少的高級快車"
633,local,"local 局部(a.)地方性的,當地的,局部的,鄉土的當地居民,本地新聞本地的"
634,luxurious,"luxurious (a.)豪華的,奢侈的,放縱的"
635,maintain,"maintain (vt.)維修,保養;維持,保持;堅持,主張;供養,扶養"
636,manufacture,"manufacture (vt.)製造,加工U製造,製造業;產品"
637,medication,"medication 藥物治療,藥物處理,醫藥"
638,mention,"mention 提到,言及,陳述(vt.)提到,提及"
639,million,"million 百萬,100萬;無數,大眾"
640,mortgage,"mortgage 抵押,義務,精神負擔(vt.)抵押,獻身於,使有義務"
641,maintenance,"maintenance 維護,保持,維修,生活費用,堅持,扶養,瞻養義務"
642,manufacturing,manufacturing 製造業(a.)製造業的
643,medicine,"medicine 藥,醫學,內科(vt.)給…用藥"
644,merchandise,"merchandise 商品,存貨(vi.)(vt.)交易,買賣"
645,mishear,mishear (vt.)(vi.)聽錯
646,motivate,"motivate (vt.)給與動機,刺激,提高…的學習欲望,促動"
647,major,"Major (a.)較大的,較重要的;主要的;主修的專業,專業學生;陸軍少校(vi.)主修,專攻"
648,marketing,"marketing 行銷,買賣"
649,meeting,"meeting 會議,集會,會見;會合點"
650,mere,"mere 小湖,池塘(a.)僅僅的,只不過的"
651,misleading,misleading (a.)易誤解的;令人迷惑的
652,motivation,"motivation 動機,刺激,推動"
653,manage,"manage (vt.)經營,管理,處理;設法,對付;操縱,運用(vi.)處理,辦理,設法對付"
654,mechanic,"mechanic 機械工,技工(a.)手工的"
655,membership,"membership 會員的資格,全體會員,會員數目"
656,merge,"Merge (vi.)合併,漸漸消失(v.)合併(vt.)使合併,使消失,吞沒"
657,misrepresent,"misrepresent (vt.)誤傳,不稱職地代表"
658,managerial,managerial (a.)管理的
659,medic,"medic 苜蓿屬植物,醫師,醫學生"
660,memo,"memo 照會,備忘錄;便箋;通知書;規章"
661,merger,"merger 合併,歸並"
662,monitor,"monitor (vt.)(vi.)監視,監聽,監督監視器監督器,級長,監聽員,班長,監視器,告誡物"
663,mandatory,"mandatory (a.)命令的,託管的"
664,medical,"medical 醫生,體格檢查(a.)醫學的,內科的,藥的"
665,memorandum,"memorandum 備忘錄,便箋,買賣契約書"
666,mileage,mileage 哩數
667,monument,"monument 紀念碑;遺址,遺跡;有永久價值的作品,不朽的功業"
668,napkin,"napkin 餐巾,餐巾紙,尿布"
669,nomination,"nomination 提名,任命,提名權"
670,narrow,"narrow 狹窄部分,海峽,隘路(a.)狹窄的,精密的,有限的,勉強的,眼光短淺的"
671,notice,"notice 注意,布告,通知,警告,短評(vt.)注意,通知,評論,提及,留心(vi.)注意"
672,narrowing,narrowing 縮小
673,notify,"Notify (vt.)通知,通告,報告"
674,neighborhood,"neighborhood 鄰居,四鄰,近鄰,附近(a.)附近的,地方的"
675,network,"network 網絡,網狀物;廣播網,電視網 ; (由很多站點組成的,可以互通資訊的組織結構)"
676,nominate,"nominate (vt.)提名,任命,命名"
677,objection,"objection 異議,反對,缺點,缺陷,妨礙,拒絕之理由"
678,occupation,"occupation 職業,工作;U占領,占據;U佔用"
679,operation,"operation 運轉,運作,工作,生效,起作用;手術,開刀;軍事行動,作戰"
680,organize,"organize (vt.)組織,有機化,給予生機(vi.)組織起來"
681,overall,over-all (adj.)全部的
682,objective,"objective 目的,受格,實物(a.)客觀的,外在的,受詞的"
683,occur,"occur (vi.)發生,想到,存在"
684,opinion,"opinion 意見,看法;評價;專業方面的鑒定或勸告"
685,organized,"organized 有計畫的,有組織的,有規律的"
686,overdraft,overdraft 透支;透支額
687,obligation,"obligation 義務,職責,責任;契約,債務"
688,officer,"officer 軍官,主管,官員(vt.)指揮"
689,opportunity,"opportunity 機會,機遇,湊巧,方便"
690,original,"original (a.)最初的,原始的;有獨創性的原物,原作,原文"
691,overseas,"overseas (ad.)海外(a.)外國的;在海外的,在國外的"
692,oblige,"oblige (vt.)迫使,責成;以誓言束縛;施惠,答應要求而作;使感激"
693,official,"official 官員,公務員,職員(a.)公務的,官方的,正式的"
694,optimistic,"optimistic (a.)樂觀的,樂觀主義的,樂天的"
695,outline,"Outline 大綱,輪廓,概要(vt.)描畫輪廓,描述要點大綱,分級,輪廓"
696,overtime,"overtime 超時,加班,延長時(a.)超時的,加班的(ad.)加班地(vt.)使超時"
697,obtain,"obtain (vt.)獲得,達到(vi.)流行"
698,onward,"onward (a.)向前的,前進的(ad.)向前,前進,在先"
699,order,"order 順序,階數次序,規則,命令(vi.)命令,定貨(vt.)整理,命令,定購"
700,outlook,"outlook 景色,風光;觀點,見解;展望,前景"
701,overview,"overview 總的看法,一般看法;略讀,瀏覽"
702,obviously,obviously (ad.)明顯地
703,operate,"operate (vt.)操作,開動;施行手術(vi.)操作,運轉,開動;起作用,奏效;施行手術,開刀"
704,organization,"organization 組織,結構,團體"
705,outstanding,"outstanding (a.)傑出的,突出的,未付的"
706,owe,"owe (vt.)虧欠,負…債,歸功於,感恩(vi.)欠錢"
707,package,"package 包,包裝用物(vt.)包裝,打包(a.)一攬子的包,軟體包,包裝,包裹,套裝軟體"
708,passenger,"passenger 旅客,乘客;行人,過路人"
709,performance,"performance U履行,執行;C表演,演出;U性能,特性"
710,personnel,personnel U全體人員;人事
711,plow,plow (v.)
712,polite,"polite (a.)有禮貌的,客氣的,斯文的,有教養的"
713,popularity,"popularity 名聲,受大眾歡迎,流行"
714,practical,"practical (a.)實際的,實踐的;實用的,應用的;有實際經驗的"
715,premises,premises 前提(v.)立前提
716,prevention,"prevention 阻止,妨礙,預防"
717,private,"private (a.)私人的,秘密的,私立的,隱蔽的士兵,陰部私人的"
718,professional,"professional (a.)職業的,專業的自由職業者,專門人員"
719,progressive,"progressive (a.)進步的,先進的;向前進的;漸進的,累進的;進行性的;進行的進步分子"
720,promptly,"promptly (ad.)敏捷地,迅速地"
721,publicize,"publicize (vt.)宣傳,公佈,廣告"
722,package tour,"package 包,包裝用物(vt.)包裝,打包(a.)一攬子的包,軟體包,包裝,包裹,套裝軟體"
723,patent,"patent 專利權,執照,專利品(a.)專利的,顯著的,新奇的(vt.)取得…的專利權"
724,permanent,"Permanent (a.)永久的,不變的,固定的,持久的電燙的頭發永久的"
725,persuade,"persuade (vt.)勸,使相信,說服(vi.)被說服"
726,plug in,"plug 塞子,消防栓,電插頭(vt.)插入,塞住,接插頭(vi.)被塞住"
727,politician,"politician 政客,政治人物,政治家"
728,position,"position 位置,地位,身分,形勢,姿勢,立場,職位,狀態,陣地(vt.)安置,決定…的位置"
729,practically,"practically (ad.)實際上,事實上;幾乎,簡直"
730,prepare,"prepare (vt.)准備,預備;使有准備,為…作準備;訓練,制訂(vi.)預備,作好准備"
731,price,"price 價格,代價,價值(vt.)定…的價格"
732,probability,"probability 可能性,或然率,幾率,概率"
733,profile,"profile 側面,輪廓,人物素描(vt.)描繪…輪廓,評論人物"
734,prohibit,"prohibit (v.)禁止,阻止,不准許"
735,properly,properly (ad.)適當地;正當地;嚴格地
736,purchase,"purchase 購買,購買品,價值,緊握,起重裝置(vt.)購買,贏得,努力取得,舉起"
737,parcel,"parcel 包裹,部分,片(vt.)分配,打包(a.)部分的(ad.)局部地"
738,patented,patented (adj.)專利的
739,permission,"permission 准許,允許,許可証"
740,pessimistic,"pessimistic (a.)悲觀的,厭世的"
741,plumber,plumber 水管工人
742,politics,"politics 政治,政治學;政綱,政見,策略"
743,postpone,"postpone (vt.)延遲,使延期,緩辦,擱延(vi.)延緩發作"
744,predict,"predict (vt.)(vi.)預知,預言,預報"
745,present,"present (a.)目前的,現在的;出席的,在場的(v.)贈送,呈現,提出,提交禮物,禮品,贈品"
746,priceless,"priceless (a.)無價的,極其珍貴的"
747,probably,"probably (ad.)可能,大概,或許"
748,profit,"profit 利潤,贏利,利益(vi.)有益,獲利,賺錢(vt.)有益於"
749,project,"project 項目,方案,設計,規劃;工程;科研項目(vt.)設計,規劃;投擲,發射;投射;使凸出"
750,property,"Property 財產,資產,地產;財產權,所有權;性質,性能"
751,purpose,"purpose 目的,意向,決心,效果,意義,論題(vt.)意欲,企圖,計劃"
752,parking lot,"parking 停車,停機,停放"
753,patience,"patience 耐心,忍耐,耐性,忍耐力,堅韌"
754,permit,"permit 許可証,許可,執照(vt.)允許,容許(vi.)容許"
755,plant,"plant 植物,工廠,生長(vt.)種植,栽培,培養,安置(vi.)種植"
756,point,"point 點,小數點,標點,地點,一點,要點,細目,特點,尖端,分數,得分,穴位(vt.)弄尖 ; (它是指正式BBS站的延伸,它的地位附屬於每個正式節點站之下)"
757,poll,"poll 民意調查,民意測驗;得票數;人頭,人頭稅,選舉名冊(v.)投票,作民意調查"
758,postponement,postponement 延遲
759,predictable,predictable (a.)可預言的
760,presentation,"Presentation 贈送,呈現,提出,提交;發言,演出"
761,principal,"principal (a.)最重要的,主要的,首要的;資本的,本金的C長,負責人;U資本,本金"
762,probationary,probationary (a.)試用的;緩刑的
763,profitability,"profitability 收益性,利益率"
764,promote,"promote (vt.)促進;提升;發起,創立;宣傳,推銷"
765,protect,"protect (vt.)防衛,保護,警戒"
766,pursue,"pursue (vt.)追趕,追蹤,追捕,追隨,追求,實行,繼續,從事(vi.)追趕,繼續"
767,participant,"participant 參加者,參與者,比賽的人"
768,payment,"payment 付款,支付,償還,償還,報應"
769,personal,"personal (a.)個人的,私人的;親自的;人身的,身體的"
770,platform,"Platform 平臺,講台,台;站臺,月臺;政綱,黨綱"
771,pointless,"pointless (a.)不尖的,鈍的,不得要領的"
772,pollute,"pollute (vt.)污染,敗壞,弄臟"
773,potential,"potential 潛在性,可能性,潛力,潛能,勢,位(a.)有潛力的,可能的,潛在的"
774,prefer,"prefer (v.)寧願,更喜歡;提出;提升"
775,press,"press 按,壓,撳,擁擠,印刷機,壓力,雜志報紙,緊握,新聞報道,強迫征募(vt.)壓"
776,principle,"principle C原理,原則;道義,德行"
777,process,"process 程序,進行,過程(vt.)加工,處理,對…處置,對…起訴(a.)經加工的,三色版的"
778,profitable,"profitable (a.)有利潤的,有利益的,賺錢的"
779,promotion,"promotion 晉級,籌辦,增進"
780,protection,"Protection 保護,保衛;保護者,防護者;護照,通行証;保護貿易制度"
781,particularly,"particularly (ad.)特別,尤其,格外;詳細地,細致地"
782,perform,"perform (vt.)履行,執行,完成,做;表演,演出(vi.)演出"
783,personalized,"Personalize \Per""son*al*ize\, v. t. [imp. & p. p. {Personalized}; p. pr. & vb. n. {Personalizing}.] To make personal. ""They personalize death."" --H. Spencer. [1913 Webster]"
784,pleasant,"pleasant (a.)愉快的,可愛的,親切的"
785,policy,"policy 政策,方針,策略,保險單"
786,popular,"popular (a.)流行的,通俗的;有名望的,受歡迎的;民眾的,大眾的,人民的"
787,power,"power 電源,能力,體力,力量,勢力,動力,權力,權限,乘冪,功率(vt.)使…有力量"
788,preference,"preference 偏愛,優先,優先權,優先的選擇"
789,prevent,"prevent (vt.)(vi.)預防,防止,避免,阻止,妨礙"
790,priority,"Priority 優先級優先權,優先順序,優先,前,依次"
791,profession,"profession 職業,表白,聲明,公開宣佈"
792,progress,"progress U前進,進步,進展(vi.)前進,進步,進展"
793,prompt,"Prompt 提示,提醒,提白,付款期限(a.)迅速的,敏捷的,立刻的,提白員的(vt.)激勵"
794,publicity,"publicity 公開,宣傳,宣揚,廣告"
795,qualification,"qualification 合格條件,資格,限制"
796,qualified,qualified (a.)有資格的
797,qualify,"qualify (vi.)取得資格,有資格(vt.)使有資格,使合格,限定,限制,准予"
798,questionnaire,"questionnaire 調查表,問卷,調查表"
799,quotation,"quotation 引用,引証,引文,語錄;行情,報價,報價單"
800,quote,"quote 引用(vt.)引述,舉証,報價(vi.)引用"
801,raise,"raise 上升,高地,增高,提出(vt.)升起,舉起,喚起,提高,使出現,使復活,提出,籌集"
802,reach,"reach 伸出,延伸,區域,範圍,河段,岬(vt.)到達,達到,伸出,延伸,影響(vi.)達到"
803,receive,"receive (vt.)收到,接受,得到,接待,迎接,承受(vi.)收到,會客"
804,recommend,"recommend (vt.)推薦,介紹;勸告,建議;使成為可取,使受歡迎"
805,redundant,"redundant (a.)多餘的,過多的,冗長的"
806,regarding,regarding 關於
807,regular,"Regular (a.)規則的,常例的,有秩序的,整齊的,有系統的,等邊的,定期的,經常的,正式的"
808,relaxation,"relaxation 鬆弛,放鬆,減輕,緩和,休息,休養"
809,reminder,reminder 起提醒作用的東西
810,rent,"rent 租金,房租,出租物,裂縫,破裂處,分裂(vt.)租用,租出"
811,report,"report 報告,報道,傳說,判決書,爆炸聲,成績單(vt.)報告,匯報,轉述,報道,記錄"
812,reschedule,reschedule (v.)重新安排
813,resist,"resist (vt.)(vi.)抵抗,耐得住,抵制,反抗防染劑"
814,responsibility,"responsibility U責任,責任心;C職責,任務,負擔"
815,retire,"retire 隱居,撤退號(vi.)引退,退役,退休,退隱,退去,撤退,退卻,離開(vt.)撤退,辭退"
816,rival,"rival 競爭者,對手(vt.)競爭,對抗(a.)競爭的,對抗的"
817,range,"Range 範圍,行列,射程(vt.)排列,歸類於,使並列,放牧(vi.)平行,延伸,排,行,山脈"
818,realize,"realize (vt.)瞭解,實現,使顯得逼真,把…變為現金(vi.)變賣為現金"
819,recent,"recent (a.)最近的,近代的,最新的,近世的"
820,recommendation,"recommendation U推薦,介紹;勸告,建議;C可取之處(vt.)記錄,登記;給…錄音"
821,refrigerator,"refrigerator C冰箱,冷凍機,冷藏庫"
822,regardless,"regardless (a.)不留心的,不注意的;不管,不顧(ad.)無論如何,不管怎樣"
823,regularly,"regularly (ad.)有規則地,一絲不苟地,正式地"
824,release,re-lease (vt.)再出租
825,remittance,remittance 匯款
826,repair,"repair 修理,補救,修復(vt.)修理,修補,補救,恢復,補償(vi.)去,常去,集合"
827,represent,"represent (vt.)表現,表示,描繪,講述,聲稱,代表,象徵,扮演,回憶,再贈送"
828,rescue,"rescue 援救,解救,營救(vt.)援救,救出,營救"
829,resolve,"resolve 決定之事,決心,堅決(vi.)決定,分解,決心(vt.)使分解,解析,解決,消除,決心"
830,responsible,"responsible (a.)有責任的,應負責的;可靠的,可信賴的;責任重大的(vi.)休息,睡;靜止,停止"
831,retirement,"retirement 退休,隱居,撤退"
832,roadside,"roadside 路傍,路邊(a.)路邊的"
833,rare,"rare (a.)稀罕的,罕有的,珍貴的,稀薄的,半熟的,非常的(ad.)非常"
834,rearrange,"rearrange (vt.)再排列,重新整理"
835,reception,"reception 接待,招待會;U接收,接收效果;接待處"
836,recruit,"recruit 新兵,新分子,新會員,補給品(vt.)使恢復,補充,征募(vi.)征募新兵,復原"
837,refund,"refund 償還(vt.)付還,償還借款,換回新公債(vi.)歸還,償還"
838,regional,"regional (a.)地方的,地域性的"
839,regulate,"regulate (vt.)有系統的管理,規定,調節,調整,使整齊"
840,relevant,"relevant (a.)有關聯的,中肯的,有關系的,適當的,成比例的,相應的"
841,remove,"remove 階級,升級,移動,搬家,距離(vt.)移動,調動,除去,遷移,開除,移交(vi.)遷移"
842,repayment,"repayment 付還,償還,報復,付還的錢"
843,representative,"representative 代表,眾議員,典型(a.)描寫的,表現的,代理的,代表性的,代議制的,典型的"
844,resemble,"resemble (vt.)相似,類似,象"
845,respect,"respect (vt.)尊敬,尊重;考慮,重視U尊敬,尊重;敬意,問候;U考慮,重視"
846,restore,"restore (vt.)恢復,使回復;歸還,交還;修復,重建"
847,review,"review 檢討,復習,回顧,考察,評論(vt.)溫習,檢討,評論,再檢察,復審(vi.)復習功課"
848,roughly,"roughly (ad.)粗暴地,粗心地,粗略地"
849,rate,"rate 比率,率,速度,價格,費用,等級(vt.)估價,認為,鑒定等級,責罵(vi.)被評價"
850,reasonable,"reasonable (a.)合理的,有道理的;通情達理的,公道的"
851,receptive,receptive (a.)能接納的
852,recruitment,recruitment 征募新兵;補充
853,refundable,refundable (a.)可償還的
854,register,"register (vt.)登記,注冊,掛號;指示,記錄,自動記下;把掛號(vi.)登記,注冊登記,注冊 ; (指登記使用某軟體之意)"
855,rehearse,"rehearse (vt.)預演,排演,使排練,練習,背誦,復述(vi.)排練,練習,演習"
856,remain,"remain (vi.)逗留,留待;剩餘,遺留;繼續存在,仍是"
857,remuneration,remuneration 報酬
858,repetitive,"repetitive (a.)重復的,反復性的"
859,request,"request (vt.)請求,要求請求,要求;C要求的事物"
860,reservation,"reservation 預定,預約,保留,貯藏,緘默"
861,respectable,"respectable 品格高尚的人(a.)值得尊重的,人格高尚的,不少的"
862,restructure,"restructure (vt.)更改結構,重建構造,調整"
863,revise,"revise 校訂,修正,再校稿(vt.)校訂,修正,校正"
864,route,"Route 路徑,途徑,路線(vt.)確定路線,按規定路線發送; (數據從開始發送到結束的路徑)"
865,rational,"rational (a.)理性的,合理的,推理的有理數"
866,reasonably,"reasonably (ad.)適度地,相當地"
867,recipe,"recipe 食譜,處方,秘訣"
868,reduce,"reduce (vt.)減少,分解,降低,使變為,把…分解,把…歸納(vi.)減少,變瘦"
869,refusal,"refusal 拒絕,推卻,優先決定權"
870,registration,"registration 登記,掛號,注冊"
871,reject,"reject 被拒之人,被棄之物,不合格品,次品,不及格者,落選者(vt.)拒絕,抵制,否決"
872,remarkable,"remarkable (a.)異常的,非凡的,顯著的;值得注意的"
873,renovate,"renovate (vt.)更新,革新,刷新,修復,恢復"
874,replace,"replace (vt.)替換,取代;把…放回原處;歸還,賠還"
875,require,"require (vt.)需要,要求(vi.)要求,命令"
876,reserve,"reserve 預備品,貯存,預備舍,後備軍,保留地,保留,沈默,節制,秘密,儲備金(vt.)保留"
877,respectful,"respectful (a.)尊重人的,表示敬意的,有禮貌的"
878,résumé,r矇sum矇 的英文翻譯 | English-Chinese Dictionary
879,revised,revised (adj.)改訂的
880,runway,runway 跑道
881,raw materials,"RAW 生肉,擦傷處,身上的痛處(a.)生的,未加工的,生疏的,不成熟的,陰冷的"
882,receipt,"receipt 收據,收入,收到(vt.)開…的收據"
883,recognize,"recognize (vt.)認出,認可,承認,公認,賞識(vi.)具結"
884,reduction,"reduction 縮小,減少,降低;簡化,簡約;還原,復原"
885,refuse,"refuse (vt.)拒絕,謝絕,辭退(vi.)拒絕廢物(a.)扔掉的,無用的"
886,regret,"regret 遺憾,後悔,悔恨,抱歉,歉意(vt.)為…感到遺憾,後悔,惋惜,懊悔,抱歉"
887,relax,"relax (vi.)放鬆,鬆懈,鬆弛,變從容,休息,休養(vt.)使松馳,緩和,使鬆懈,使休息"
888,remind,"remind (v.)使想起,使記起,提醒"
889,renovation,"renovation 革新,刷新,修理"
890,replacement,"replacement 替換,代替;代替的人"
891,requirement,"requirement 需要,要求,請求,規定,必要條件"
892,resign,"resign (vt.)放棄,辭去;把…交托給;使順從(vi.)辭職"
893,respond,"respond (vt.)回答(vi.)回答,響應,回報,有反應,承擔責任"
894,retail,"retail 零售(a.)零售的(vt.)零售,轉述(vi.)零售"
895,right away,"right (a.)正確的,合適的,正當的,健康的右邊,右派的權利,公道,正義(v.)糾正"
896,salary,"salary 工資,薪水,薪晌,薪金"
897,satisfy,"satisfy (vt.)使滿意,滿足,符合,說服,賠償(vi.)令人滿意,替人贖罪"
898,search engine,"search 搜索,搜尋,搜查(vt.)搜查,在…中搜尋(vi.)搜尋,找尋;探究,調查"
899,selective,"selective (a.)選擇的,選擇性的"
900,shape,"Shape 形狀,形態,外形,定形,形式,身材(vt.)定形,使成形,塑造,計劃"
901,shortage,"shortage 缺乏,不足"
902,slump,"slump 暴跌,意氣消沈(vi.)猛然掉落,陷入,消沈"
903,specialize,"specialize (vt.)使特殊化,列舉,特別指明,限定…的範圍(vi.)成為專家,專攻"
904,stadium,stadium 露天大型運動場
905,steep,"steep 浸漬,浸液,懸崖(a.)險峻的,陡峭的,急劇升降的,不合理的,誇大的(vt.)(vi.)浸"
906,studio,"studio 電影製片廠,畫室,攝影室,播音室,音樂室,工作室"
907,suggestion,"suggestion 建議,提議;暗示,提出,說明"
908,supplier,"supplier 供給的人,供給國,承制廠商"
909,switchboard,"switchboard 配電盤,接線總機"
910,sale,"sale U出售,賣出;C賤賣,廉價出售;C銷路,銷售額"
911,save,"save (vt.)保存,節省,保全,保留(vi.)挽救,節省,解救,救,挽救,儲蓄救球"
912,secluded,"secluded (a.)隱退的,隱蔽的"
913,seminar,"seminar 研究會,討論發表會"
914,sharp,"sharp (a.)鋒利的,銳利的;陡的,急轉的;輪廓分明的;刺耳的;敏銳的,機警的(ad.)正,准"
915,shuttle,"shuttle 穿梭,梭子,往返移動之物(vt.)(vi.)(使)穿梭移動,往返運送"
916,software,"software 軟體,程式設計"
917,specialty,specialty
918,staff,"staff 全體人員,同事,棍棒,杆,拐杖,支柱,權杖(vt.)為…配備人員"
919,stock,"stock 樹幹,托盤,祖先,血統,原料,備料,庫存,股票,股份(a.)存貨的,常備的,平凡的"
920,submit,"submit (vt.)使服從,使受到,委託,提出,認為(vi.)屈服,服從"
921,suit,"suit 一套衣服;官司,訴訟(vt.)合身,穿起來,好看;適合,適應(vi.)適當"
922,supply,"supply 補給,供給,供應品(vt.)補給,供給,提供,補充,代理(vi.)替代"
923,systematic,"systematic (a.)有系統的,分類的,體系的"
924,salvage,"salvage 海上救助,搶救,打撈(vt.)海上救助,搶救,打撈,營救"
925,scene,"scene 場,景,情景,鏡頭,發生地點,道具,佈景,景色"
926,secretarial,"secretarial (a.)秘書的,書記的"
927,senior,"senior (a.)年長的;資格較老的,地位較高的年長者,前輩;大學高年級學生。"
928,shift,"shift 移位,變化,移動,輪班,手段,辦法(vt.)替換,轉移,改變,移轉,推卸,變速(vi.)轉換"
929,sightseeing,"sight-seeing 觀光,遊覽(a.)觀光的,遊覽的"
930,solar,"solar (a.)太陽的,太陽系的,太陽能的"
931,specification,"specification 規格,詳述,詳細說明書"
932,stapler,"stapler 主要物產商,把羊毛分類的人,羊毛商,訂書機"
933,strategic,"strategic (a.)戰略的,戰略上的"
934,subscribe,"subscribe (vt.)捐獻,簽署(vi.)贊成,同意,捐款,預訂,認購"
935,suitability,"suitability 適合,適當,適合與否"
936,support,"support 支援,支撐,援助,供養,支撐物(vt.)支援,支撐,幫助,支援,忍受,供養,証實"
937,sample,"Sample 示例,字樣樣品,標本(vt.)抽取樣品,嘗試"
938,scenery,"scenery U風景,景色;舞臺佈景"
939,secretary,"secretary 秘書,書記,大臣,部長,寫字桌"
940,serious,"serious (a.)嚴肅的;嚴重的,危急的;認真的,不是開玩笑的"
941,shine,"shine (vi.)照耀,發光(vt.)使光亮;擦亮光彩,光澤"
942,significant,"significant (a.)重要的,有含義的,暗示的,有效的,非偶然的"
943,spacious,"spacious (a.)廣大的,大規模的"
944,specify,"specify (v.)詳細說明,具體說明,指明"
945,stare,"stare (vi.)注視,凝視,瞪視,顯眼(vt.)盯凝視"
946,strategy,"strategy U策略,戰略"
947,subscription,"subscription 捐獻,訂金,訂閱,簽署,同意"
948,suitable,"suitable (a.)合適的,適當的,適宜的"
949,supporter,"supporter 支持者,後盾,伴隨者"
950,satisfactory,"satisfactory (a.)令人滿意的,符合要求的,良好的"
951,schedule,"schedule 時間表,一覽表,計劃表,議事日程(vt.)預定,編制目錄,制…表,安排"
952,select,"select (v.)選擇,選舉,選拔,挑選(a.)當選的,挑選的,挑剔的,特別的"
953,service,"service 服務,幫助;公共設施,公用事業;維修,保養;行政部門,服務機構(vt.)維修"
954,shipment,"shipment 裝船,出貨"
955,simplify,"simplify (vt.)單一化,簡單化"
956,spare part,"spare 剩餘,備用零件,備用輪胎(a.)多餘的,備用的,簡陋的,空閑的,節約的"
957,spectator,"spectator 觀眾,目擊者,旁觀者"
958,starter,starter 開端者;發令員;啟動器
959,streamline,"streamline 流線,流線型(vt.)使成流線型,使合理化"
960,subsidiary,"subsidiary 子公司,附加物,輔助者(a.)補助的,次要的,津貼的"
961,supervise,"supervise (vt.)(vi.)監督,管理,指導"
962,surrounding,surrounding 環境(a.)周圍的
963,satisfied,satisfied (a.)感到滿意的
964,scrutinize,scrutinize (v.)詳細地檢查
965,selection,"selection 選擇,選舉,選拔,挑選;淘汰"
966,several,"several (a.)幾,一些,各自的,不同的幾個"
967,shipping,"shipping 船運,海運業"
968,situation,"situation 形勢,局面;位置,地點;職位,職務"
969,spare time,"spare 剩餘,備用零件,備用輪胎(a.)多餘的,備用的,簡陋的,空閑的,節約的"
970,stable,"stable 馬房,牛棚(a.)穩定的,安定的,堅固的,堅定的(vt.)趕入馬房(vi.)被關在馬廄"
971,stationery,"stationery 文具,信紙"
972,strike,"strike (v.)打擊,攻擊,撞擊,擊中,發現,襲擊,使患上,使留下…印象打擊,攻擊,撞擊"
973,suggest,"Suggest (vt.)建議,促成,暗示,啟發,使人想起,提議"
974,supervision,"supervision 監督,監視,監察,管理"
975,suspicious,"suspicious (a.)懷疑的,猜疑的,嫌疑的,可疑的"
976,takeover,"take-over 接管,接收"
977,tenant,"tenant 承租人,房客,不動產佔有人,居住者(vt.)租借"
978,thorough,"thorough (a.)徹底的;詳盡的;非常精確的,不厭其煩的;徹頭徹尾的,絕對的"
979,towel,"towel 手巾,毛巾(vt.)(vi.)用毛巾擦"
980,training,"training U訓練,培養,鍛煉"
981,tremendous,"tremendous (a.)巨大的,非常的,可怕的"
982,target,"target 目標,靶子(vt.)為…訂指標,訂定"
983,terminate,"terminate (a.)有結尾的,有限的(vi.)結束,終止,滿期(vt.)使停止,使結束,使終止"
984,tidy,"tidy 椅子的背罩,裝雜碎的容器(a.)整齊的,精簡的(vt.)弄整齊,收拾,整理(vi.)整理"
985,tower,"tower 塔,高樓,堡壘(vi.)高聳,?翔"
986,transfer,"transfer 遷移,移動,傳遞,轉讓,轉移,過戶,匯兌,換車(vt.)轉移,調轉,調任,改變,傳遞"
987,trend,"trend 趨勢,傾向,方位(vi.)傾向,轉向趨勢"
988,tax,"tax 稅,稅款,重負,壓力,會費(vt.)課以稅,使負重荷,斥責"
989,terrible,"terrible (a.)可怕的,可怖的,駭人的,令人敬畏的;極度的;極壞的,很糟的;極妙的"
990,tip,"tip 頂,尖端,梢,末端,傾斜,垃圾場,小費,輕擊,告誡,秘密消息(vt.)裝頂端"
991,track,"track 軌跡,足跡,路,軌道,磁軌,途徑(vt.)循路而行,追蹤,通過,用纖拉(vi.)追蹤"
992,transform,"transform (vt.)轉換,改變,改造,使…變形(vi.)改變,轉化,變換"
993,trial,"trial 審判,試驗,艱苦,麻煩事,考驗(a.)嘗試的,試驗性的"
994,technical,"technical (a.)技術上的,專門的,工業的,工藝的,根據法律的"
995,terrific,"terrific (a.)非常的,極端的,可怕的"
996,tour,"tour 旅遊,觀光旅行,任期(vi.)旅行,周遊,巡迴(vt.)周遊,觀光,遊歷,使巡迴演出"
997,trade,"trade 貿易,商業,交易,生意,職業,顧客,信風(vi.)交易,買賣,經商,對換"
998,transformation,"transformation 變形,變質,變化,改造,轉變,變壓;[語]轉換(式)"
999,triumph,"triumph 勝利,成功(vi.)勝利,成功;狂歡,喜悅"
1000,technician,"technician 技術員,技師,技術專家"
1001,theoretical,theoretical (a.)理論的
1002,tourism,"tourism 觀光事業,遊覽"
1003,tradition,"tradition 傳說,傳統,慣例,引渡,交付"
1004,transit,"transit 經過,通行,運輸,運輸線,轉變(vt.)橫越,通過,經過(vi.)通過"
1005,trust,"trust 信任,信賴,相信,委託,職責,信心(a.)信託的,被信託的(vt.)信賴,信任,相信"
1006,temporary,"Temporary 臨時(a.)暫時的,臨時的臨時工"
1007,theory,"theory 原理,理論;C學說;C意見,推測"
1008,tourist,"tourist 觀光客,旅行者(a.)遊客的"
1009,traffic,"traffic 交通,通行,運輸,交通量,貿易,交易,交往,通信量(vi.)交易"
1010,transportation,"transportation 運輸,輸送,交通業"
1011,turnover,turn-over 回轉
1012,unconditional,"unconditional (a.)無條件的,無限制的,絕對的"
1013,unwrap,unwrap (vt.)打開
1014,utility bill,"utility 實用程式,工具公用程式,實用品,實用,公用事業(a.)實用的,有多種用途的"
1015,understand,"understand (vt.)瞭解,領會,聞知,懂,理解(vi.)懂得,認為"
1016,upcoming,"upcoming (a.)即將來臨的,預定將要"
1017,unfavorable,"unfavorable (a.)不宜的,不理想的"
1018,update,"update (vt.)更新,使現代化,補充最新資料更新更新"
1019,unfortunately,"unfortunately (ad.)不幸的,可惜的是"
1020,upgrade,"Upgrade 升級,上升,上坡(ad.)往上(vt.)使升級,提升,改良品種(v.)升級"
1021,uniform,"uniform 制服(a.)統一的,一律的,始終如一的"
1022,upset,"upset (a.)煩亂的,不高興(vt.)顛覆,推翻,擾亂,使不適,使心煩(vi.)翻倒"
1023,unspoiled,Unspoiled \Unspoiled\ See {spoiled}.
1024,upstairs,"upstairs (a.)樓上的(ad.)在樓上,向樓上,處於更高地位樓上"
1025,vacancy,"vacancy 空,空白,空缺,空虛,空閑,茫然所失"
1026,variety,"variety U多種多樣,各種不同的;C種類"
1027,vital,"vital (a.)重要的,生命的,充滿活力的,生死攸關的,致命的"
1028,vacant,"vacant (a.)空的,空白的,空靈的,空閑的,茫然的,空缺的"
1029,various,"various (a.)不同的,各種的,多方面的,許多的,個別的,雜色的"
1030,vacation,"vacation (v.)假期,休假"
1031,vendor,"vendor 小販,賣主,自動售貨機"
1032,vaccination,"vaccination 接種疫苗,種痘"
1033,venture,"venture 冒險,冒險行動;冒險事業(vt.)冒…的危險;敢於(vi.)冒險,敢於"
1034,valuables,valuables 貴重物品
1035,venue,"venue 犯罪地點,審判地,管轄地,集合地點"
1036,varied,"varied (a.)不同的,雜色的,各式各樣的"
1037,virus,"virus 病毒,濾過性微生物,毒害,惡毒 ; (一個能夠復制、感染其他程式或破壞操作系統的程式)"
1038,wage,"wage 薪水,工資,報應,報償,代價(vt.)開展,進行(vi.)在進行中"
1039,warranty,"warranty 保証,保用;根據,理由,授權"
1040,welfare,"welfare 福利,安寧,幸福,福利事業(a.)福利的"
1041,workshop,"workshop 車間,工場;專題討論會"
1042,walkway,"walkway 走道,散步道,工作人員通道"
1043,wastage,"wastage 消耗量,廢物"
1044,wholesale,"wholesale 批發(a.)批發的,大規模的,全部的(ad.)大規模,照批發方式(vi.)經營批發業"
1045,worth,"worth (a.)值的,相當於…價值的;值得U價值"
1046,warehouse,"warehouse 倉庫,貨棧,大商店(vt.)儲入倉庫"
1047,waterproof,waterproof 防水材料(a.)防水的(vt.)使防水
1048,win,"win (vt.)贏得,打勝,成功(vi.)獲勝,達到,影響勝利,贏,收益"
1049,worthless,"worthless (a.)無價值的,無益的,敗壞的"
1050,warn,"warn (vt.)警告,注意,通知(vi.)發出警告"
1051,wealth,"wealth 財富,資源,財產,豐富,富裕,大量"
1052,withdraw,"withdraw (vt.)撤回,取回,撤消,使撤退,拉開,移開(vi.)撤退,離開"
1053,wrap,"wrap 外套,圍巾,包裹,限制,約束,秘密(vt.)包裝,卷,纏繞,包,裹,覆蓋,遮蔽,隱藏"
1054,warning,"warning 警告,告誡,訓誡,警戒,警報"
1055,website,"website <web> (Or ""web site"") Any computer on the {Internet} running a {web server} process. A particular website is usually identified by the {hostname} part of a {URL}. Multiple hostnames may actually map to the same computer in which case they are known as ""{virtual servers}"". (2005-07-12)"
1056,withdrawal,"withdrawal 撤退,退回,取消,退隱,退股,停止服藥"
1057,warrant,"warrant 正當理由,根據,証明,批准,憑証,許可証,委任狀(vt.)保証,辯解,擔保,批准"
1058,weight,"Weight 重,重量,體重,砝碼,重擔,重大,影響,力量,勢力(vt.)加重量於,壓迫,使加權"
1059,workplace,workplace 工作場所
1060,X-ray,"X-ray X射線,X光"
1061,yearly,"yearly (a.)每年的,一年一次的(ad.)每年,逐年地"
1062,yield,"yield 生產量,投資收益(vt.)生產,給予,同意,被迫放棄,放縱(vi.)出產,屈服,投降"
1063,youth,"youth U青年的時代,少年時代;U青年們;C小夥子,年輕人"
1064,zero,"Zero 零,零點,零度,無,烏有,最低點(a.)零的(vt.)調零,對准"
1065,zone,"zone 地域,地帶,地區(vt.)環繞,使分成地帶(vi.)分成區"